Company Name,Company Price
industrious sleeping co.,1306.9
plastic burrito construction,4822.32
jealous sunflower management,4136.7
dirty blossom communications,4700.92
condemned rap inc.,78.06
ill minibus corp.,3359.4
snotty alarm communities,1918.32
swift wheel transportations,2997.82
luxuriant lab LLC,2123.02
fair box co.,1790.71
murky wit inc.,4354.92
proud priest clothing,2854.04
fantastic regulator insurance,438.83
fretful councilman inc.,637.89
teeny semicolon communities,4915.69
ignorant consumer LLC,4588.05
envious romaine communities,603.77
petite hose communications,913.38
peaceful garden pharmaceuticals,3744.46
loose hamster industries,1213.35
hushed transit communications,4878.53
mysterious trainer construction,1766.64
apathetic bloomer technologies,1559.11
ultra alert management,180.54
festive weekender management,3669.07
lopsided candelabra entertainment,1412.7
oafish orator technologies,1906.49
guiltless illiteracy labs,266.59
deadpan violet group,4691.04
possessive revenue communities,755.18
mundane apse foods,4378.34
uneven swimsuit co.,753.08
internal style farms,1764.71
earthy characterization entertainment,834.47
hurried breakpoint corp.,1043.9
didactic hello industries,4999.88
deep mid-course consulting,3549.6
helpful communist entertainment,418.58
deeply chem solutions,4659.71
inexpensive joey LLC,376.05
giddy skunk labs,2054.8
tiny panic farms,1359.71
cooing resistance entertainment,2252.62
crazy hospital supermarket,4785.48
bad lime entertainment,3143.72
sore moron group,2239.06
jittery ridge clothing,4669.35
tawdry yoke construction,2603.79
fortunate consonant co.,1203.46
wary boulder transportations,853.38
adhesive mast consulting,3921.6
arrogant pup entertainment,708.07
big vet LLC,3701.48
determined clipper management,2462.95
gullible cluster LLC,4739.56
agonizing rotation services,4080.94
wrong oeuvre services,1750.42
ethereal reservoir co.,4911.42
sore submarine solutions,4967.68
large handball solutions,158.92
immense minor-league communications,839.41
ludicrous textual investments,1057.9
grumpy climb technologies,2226.92
sulky empire insurance,1249.75
rare lyrics pharmaceuticals,4834.3
piquant beret entertainment,800.45
aspiring silo international,1248.68
malicious canoe transportations,2539.59
amuck viability labs,2865.86
grieving miscommunication LLC,4130.69
fabulous pillar group,299.51
groovy clave firm,1193.38
unbecoming railing construction,1854.4
unsuitable neurobiologist construction,1470.28
abundant clam clothing,862.1
premium witness communications,3898.51
dizzy quilt communications,1735.1
demonic zebra services,2223.18
drab vibrissae communications,1536.01
itchy quicksand services,4816.59
naive trumpet corp.,3497.04
squeamish browser consulting,363.57
curly insect communities,2139.41
resonant formamide communications,727.54
fantastic hydrant international,2351.07
jagged soprano group,2810.34
scarce diction supermarket,1627.23
stingy twig farms,3811.98
fuzzy t-shirt labs,4038.24
tasty driving clothing,2343.18
melted tuba group,1527.07
lacking nestling communications,641.24
spiffy transcript insurance,2351.71
invincible iridescence services,4261.46
clear hydrolyse transportations,4255.54
sparkling wool co.,4771.38
shaky seeder consulting,4237.31
glorious hype group,4478.5
rich cirrhosis foods,3898.78
